date,rank,song,artist,last-week,peak-rank,weeks-on-board,label
1989-12-02,1,Blame It On The Rain,Milli Vanilli,1,1,9,happy
1989-12-02,2,We Didn't Start The Fire,Billy Joel,5,2,8,1
1989-12-02,3,(It's Just) The Way That You Love Me,Paula Abdul,4,3,16,happy
1989-12-02,4,Angelia,Richard Marx,6,4,9,0
1989-12-02,5,Love Shack,The B-52s,3,3,14,1
1989-12-02,6,Another Day In Paradise,Phil Collins,10,6,5,0
1989-12-02,7,Back To Life,Soul II Soul,8,7,11,1
1989-12-02,8,Don't Know Much,Linda Ronstadt (Featuring Aaron Neville),9,8,10,0
1989-12-02,9,When I See You Smile,Bad English,2,1,12,0
1989-12-02,10,Poison,Alice Cooper,7,7,11,2
1989-12-02,11,With Every Beat Of My Heart,Taylor Dayne,13,11,7,happy
1989-12-02,12,Don't Close Your Eyes,KIX,12,12,13,sad
1989-12-02,13,Leave A Light On,Belinda Carlisle,15,13,10,happy
1989-12-02,14,Get On Your Feet,Gloria Estefan,11,11,10,1
1989-12-02,15,Living In Sin,Bon Jovi,16,15,9,2
1989-12-02,16,Pump Up The Jam,Technotronic Featuring Felly,19,16,8,1
1989-12-02,17,Rhythm Nation,Janet Jackson,22,17,4,2
1989-12-02,18,Don't Shut Me Out,Kevin Paige,18,18,16,happy
1989-12-02,19,Just Like Jesse James,Cher,26,19,7,0
1989-12-02,20,Don't Make Me Over,Sybil,23,20,11,happy
1989-12-02,21,Love Song,Tesla,25,21,10,sad
1989-12-02,22,Listen To Your Heart,Roxette,14,1,15,happy
1989-12-02,23,The Last Worthless Evening,Don Henley,24,23,9,happy
1989-12-02,24,Everything,Jody Watley,29,24,8,sad
1989-12-02,25,Bust A Move,Young M.C.,17,7,19,1
1989-12-02,26,Swing The Mood,Jive Bunny & The Mastermixers,34,26,6,1
1989-12-02,27,Just Between You And Me,Lou Gramm,32,27,6,1
1989-12-02,28,This One's For The Children,New Kids On The Block,37,28,4,sad
1989-12-02,29,How Am I Supposed To Live Without You,Michael Bolton,36,29,6,0
1989-12-02,30,The Angel Song,Great White,33,30,10,sad
1989-12-02,31,Free Fallin',Tom Petty,43,31,5,1
1989-12-02,32,I Live By The Groove,Paul Carrack,38,32,6,happy
1989-12-02,33,Me So Horny,The 2 Live Crew,28,26,13,2
1989-12-02,34,Rock And A Hard Place,The Rolling Stones,39,34,5,happy
1989-12-02,35,Oh Father,Madonna,40,35,4,sad
1989-12-02,36,Miss You Much,Janet Jackson,21,1,14,1
1989-12-02,37,When The Night Comes,Joe Cocker,42,37,6,happy
1989-12-02,38,Didn't I (Blow Your Mind),New Kids On The Block,20,8,12,happy
1989-12-02,39,The Arms Of Orion,Prince With Sheena Easton,41,39,7,sad
1989-12-02,40,Downtown Train,Rod Stewart,54,40,2,0
1989-12-02,41,Rock Wit'cha,Bobby Brown,30,7,15,1
1989-12-02,42,Two To Make It Right,Seduction,49,42,4,happy
1989-12-02,43,Fool For Your Loving,Whitesnake,47,43,13,happy
1989-12-02,44,I Remember You,Skid Row,53,44,3,happy
1989-12-02,45,I'll Be Good To You,Quincy Jones Featuring Ray Charles & Chaka Khan,57,45,3,1
1989-12-02,46,I Want You,Shana,52,46,9,happy
1989-12-02,47,Cover Girl,New Kids On The Block,27,2,12,happy
1989-12-02,48,Love In An Elevator,Aerosmith,35,5,14,2
1989-12-02,49,Was It Nothing At All,Michael Damian,58,49,6,happy
1989-12-02,50,French Kiss,Lil Louis,59,50,7,1
1989-12-02,51,Tender Lover,Babyface,63,51,3,happy
1989-12-02,52,Sowing The Seeds Of Love,Tears For Fears,31,2,14,happy
1989-12-02,53,If You Leave Me Now,Jaya,61,53,8,happy
1989-12-02,54,I'm Not The Man I Used To Be,Fine Young Cannibals,68,54,4,1
1989-12-02,55,When I Looked At Him,Expose,46,10,16,happy
1989-12-02,56,Girl I Am Searching For You,Stevie B,60,56,9,happy
1989-12-02,57,Dr. Feelgood,Motley Crue,48,6,14,happy
1989-12-02,58,Sunshine,Dino,45,23,13,happy
1989-12-02,59,Janie's Got A Gun,Aerosmith,85,59,2,0
1989-12-02,60,I Think I Can Beat Mike Tyson,D.J. Jazzy Jeff & The Fresh Prince,65,60,5,happy
1989-12-02,61,Sold Me Down The River,The Alarm,50,50,9,1
1989-12-02,62,Pretending,Eric Clapton,77,62,3,happy
1989-12-02,63,Back To The Bullet,Saraya,70,63,4,happy
1989-12-02,64,Over And Over,Pajama Party,72,64,4,happy
1989-12-02,65,Principal's Office,Young M.C.,88,65,2,happy
1989-12-02,66,Peace In Our Time,Eddie Money,,66,1,happy
1989-12-02,67,Touch Me Tonight,Shooting Star,76,67,5,happy
1989-12-02,68,Kickstart My Heart,Motley Crue,90,68,2,happy
1989-12-02,69,Steamy Windows,Tina Turner,83,69,2,happy
1989-12-02,70,No More Lies,Michel'le,82,70,3,happy
1989-12-02,71,Talk To Myself,Christopher Williams,73,49,13,happy
1989-12-02,72,If I Could Turn Back Time,Cher,74,3,22,happy
1989-12-02,73,Call It Love,Poco,56,18,15,happy
1989-12-02,74,Everything You Do (You're Sexing Me),Fiona (Duet With Kip Winger),95,74,2,happy
1989-12-02,75,Girl I'm Gonna Miss You,Milli Vanilli,64,1,18,happy
1989-12-02,76,Sugar Daddy,Thompson Twins,51,28,11,happy
1989-12-02,77,It's No Crime,Babyface,55,7,17,happy
1989-12-02,78,Wait For You,Bonham,91,78,2,1
1989-12-02,79,Heat Of The Moment,After 7,75,74,7,happy
1989-12-02,80,Hide Your Heart,KISS,92,80,2,happy
1989-12-02,81,Licence To Chill,Billy Ocean,44,32,9,sad
1989-12-02,82,My Heart Skips A Beat,The Cover Girls,69,38,13,happy
1989-12-02,83,Love Song,The Cure,62,2,17,happy
1989-12-02,84,Baby Come To Me,Regina Belle,79,60,8,1
1989-12-02,85,Lullaby,The Cure,,85,1,0
1989-12-02,86,New Thing,Enuff Z'Nuff,71,67,7,happy
1989-12-02,87,I Didn't Mean To Stay All Night,Starship,94,87,2,happy
1989-12-02,88,Don't Take It Personal,Jermaine Jackson,,88,1,happy
1989-12-02,89,Nothin' To Hide,Poco,,89,1,sad
1989-12-02,90,You Are My Everything,Surface,84,84,5,happy
1989-12-02,91,I'm A Believer,Giant,67,56,10,happy
1989-12-02,92,What About Me,Moving Pictures,81,46,17,sad
1989-12-02,93,Woman In Chains,Tears For Fears,,93,1,happy
1989-12-02,94,Radar Love,White Lion,89,59,11,happy
1989-12-02,95,What Kind Of Man Would I Be?,Chicago,,95,1,happy
1989-12-02,96,Owwww!,Chunky A,,96,1,energetic
1989-12-02,97,Serious Kinda Girl,Christopher Max,,97,1,happy
1989-12-02,98,Realistic,Shirley Lewis,86,84,6,happy
1989-12-02,99,Healing Hands,Elton John,78,13,15,happy
1989-12-02,100,The Best,Tina Turner,66,15,14,0
1989-11-04,1,Listen To Your Heart,Roxette,3,1,11,happy
1989-11-04,2,Cover Girl,New Kids On The Block,4,2,8,happy
1989-11-04,3,Miss You Much,Janet Jackson,1,1,10,1
1989-11-04,4,Sowing The Seeds Of Love,Tears For Fears,2,2,10,happy
1989-11-04,5,When I See You Smile,Bad English,9,5,8,0
1989-11-04,6,Love In An Elevator,Aerosmith,5,5,10,2
1989-11-04,7,Rock Wit'cha,Bobby Brown,10,7,11,1
1989-11-04,8,Dr. Feelgood,Motley Crue,6,6,10,happy
1989-11-04,9,(It's Just) The Way That You Love Me,Paula Abdul,16,9,12,happy
1989-11-04,10,Love Shack,The B-52s,15,10,10,1
1989-11-04,11,Bust A Move,Young M.C.,8,7,15,1
1989-11-04,12,Blame It On The Rain,Milli Vanilli,20,12,5,happy
1989-11-04,13,Didn't I (Blow Your Mind),New Kids On The Block,14,13,8,happy
1989-11-04,14,Healing Hands,Elton John,13,13,11,happy
1989-11-04,15,The Best,Tina Turner,17,15,10,0
1989-11-04,16,Angelia,Richard Marx,22,16,5,0
1989-11-04,17,Poison,Alice Cooper,24,17,7,2
1989-11-04,18,Call It Love,Poco,19,18,11,happy
1989-11-04,19,It's No Crime,Babyface,7,7,13,happy
1989-11-04,20,Back To Life,Soul II Soul,25,20,7,1
1989-11-04,21,We Didn't Start The Fire,Billy Joel,28,21,4,1
1989-11-04,22,Love Song,The Cure,11,2,13,happy
1989-11-04,23,When I Looked At Him,Expose,12,10,12,happy
1989-11-04,24,Get On Your Feet,Gloria Estefan,29,24,6,1
1989-11-04,25,Sunshine,Dino,30,25,9,happy
1989-11-04,26,Don't Close Your Eyes,KIX,32,26,9,sad
1989-11-04,27,Don't Know Much,Linda Ronstadt (Featuring Aaron Neville),35,27,6,0
1989-11-04,28,Don't Shut Me Out,Kevin Paige,31,28,12,happy
1989-11-04,29,Me So Horny,The 2 Live Crew,34,29,9,2
1989-11-04,30,Leave A Light On,Belinda Carlisle,36,30,6,happy
1989-11-04,31,Girl I'm Gonna Miss You,Milli Vanilli,21,1,14,happy
1989-11-04,32,Living In Sin,Bon Jovi,39,32,5,2
1989-11-04,33,Sugar Daddy,Thompson Twins,37,33,7,happy
1989-11-04,34,Mixed Emotions,The Rolling Stones,18,5,10,happy
1989-11-04,35,With Every Beat Of My Heart,Taylor Dayne,46,35,3,happy
1989-11-04,36,Heaven,Warrant,26,2,16,0
1989-11-04,37,If I Could Turn Back Time,Cher,27,3,18,happy
1989-11-04,38,Cherish,Madonna,23,2,12,happy
1989-11-04,39,Don't Make Me Over,Sybil,48,39,7,happy
1989-11-04,40,Don't Ask Me Why,Eurythmics,47,40,6,happy
1989-11-04,41,The Way To Your Heart,Soulsister,44,41,7,happy
1989-11-04,42,The Last Worthless Evening,Don Henley,50,42,5,happy
1989-11-04,43,Another Day In Paradise,Phil Collins,,43,1,0
1989-11-04,44,Glamour Boys,Living Colour,33,31,11,happy
1989-11-04,45,Licence To Chill,Billy Ocean,51,45,5,sad
1989-11-04,46,Love Song,Tesla,52,46,6,sad
1989-11-04,47,Pump Up The Jam,Technotronic Featuring Felly,58,47,4,1
1989-11-04,48,My Heart Skips A Beat,The Cover Girls,38,38,9,happy
1989-11-04,49,Talk To Myself,Christopher Williams,49,49,9,happy
1989-11-04,50,The Angel Song,Great White,55,50,6,sad
1989-11-04,51,Just Like Jesse James,Cher,61,51,3,0
1989-11-04,52,(You're My One And Only) True Love,Seduction,45,23,18,happy
1989-11-04,53,It's Not Enough,Starship,41,12,14,1
1989-11-04,54,Everything,Jody Watley,64,54,4,sad
1989-11-04,55,Just Between You And Me,Lou Gramm,83,55,2,1
1989-11-04,56,18 And Life,Skid Row,42,4,18,happy
1989-11-04,57,What About Me,Moving Pictures,54,46,13,sad
1989-11-04,58,I Live By The Groove,Paul Carrack,70,58,2,happy
1989-11-04,59,The Arms Of Orion,Prince With Sheena Easton,75,59,3,sad
1989-11-04,60,Baby Come To Me,Regina Belle,63,60,4,1
1989-11-04,61,Let Go,Sharon Bryant,43,34,12,happy
1989-11-04,62,Girl I Am Searching For You,Stevie B,62,62,5,happy
1989-11-04,63,Sold Me Down The River,The Alarm,66,63,5,1
1989-11-04,64,I'm A Believer,Giant,65,64,6,happy
1989-11-04,65,Radar Love,White Lion,59,59,7,happy
1989-11-04,66,Cold Hearted,Paula Abdul,53,1,20,happy
1989-11-04,67,I Feel The Earth Move,Martika,40,25,10,happy
1989-11-04,68,Right Here Waiting,Richard Marx,56,1,18,0
1989-11-04,69,How Am I Supposed To Live Without You,Michael Bolton,89,69,2,0
1989-11-04,70,I Want You,Shana,71,70,5,happy
1989-11-04,71,Angel Eyes,The Jeff Healey Band,57,5,21,sad
1989-11-04,72,Free Fallin',Tom Petty,,72,1,1
1989-11-04,73,I Love The Bass,Bardeux,68,68,8,0
1989-11-04,74,Swing The Mood,Jive Bunny & The Mastermixers,91,74,2,1
1989-11-04,75,When The Night Comes,Joe Cocker,85,75,2,happy
1989-11-04,76,New Thing,Enuff Z'Nuff,77,76,3,happy
1989-11-04,77,French Kiss,Lil Louis,78,77,3,1
1989-11-04,78,If You Leave Me Now,Jaya,80,78,4,happy
1989-11-04,79,Rock And A Hard Place,The Rolling Stones,,79,1,happy
1989-11-04,80,Heat Of The Moment,After 7,86,80,3,happy
1989-11-04,81,Hold On,Donny Osmond,73,73,6,happy
1989-11-04,82,Was It Nothing At All,Michael Damian,88,82,2,happy
1989-11-04,83,Fool For Your Loving,Whitesnake,,53,9,happy
1989-11-04,84,Don't Wanna Lose You,Gloria Estefan,60,1,18,sad
1989-11-04,85,Realistic,Shirley Lewis,98,85,2,happy
1989-11-04,86,"If You Asked Me To (From ""Licence To Kill"")",Patti LaBelle,79,79,5,happy
1989-11-04,87,The Same Love,The Jets,90,87,3,sad
1989-11-04,88,Touch Me Tonight,Shooting Star,,88,1,happy
1989-11-04,89,Once Bitten Twice Shy,Great White,81,5,26,happy
1989-11-04,90,Crossroads,Tracy Chapman,95,90,2,sad
1989-11-04,91,Hangin' Tough,New Kids On The Block,82,1,17,happy
1989-11-04,92,I Think I Can Beat Mike Tyson,D.J. Jazzy Jeff & The Fresh Prince,,92,1,happy
1989-11-04,93,Bring It All Back,Grayson Hugh,99,93,2,happy
1989-11-04,94,Keep On Movin',Soul II Soul (Featuring Caron Wheeler),72,11,20,happy
1989-11-04,95,No Souvenirs,Melissa Etheridge,,95,1,happy
1989-11-04,96,Big Talk,Warrant,,96,1,happy
1989-11-04,97,You Are My Everything,Surface,,97,1,happy
1989-11-04,98,Name And Number,Big Noise,,98,1,happy
1989-11-04,99,Shower Me With Your Love,Surface,67,5,19,sad
1989-11-04,100,What I Like About You,Michael Morales,69,28,13,happy
1989-10-07,1,Miss You Much,Janet Jackson,5,1,6,1
1989-10-07,2,Cherish,Madonna,4,2,8,happy
1989-10-07,3,Girl I'm Gonna Miss You,Milli Vanilli,1,1,10,happy
1989-10-07,4,Heaven,Warrant,2,2,12,0
1989-10-07,5,If I Could Turn Back Time,Cher,3,3,14,happy
1989-10-07,6,Mixed Emotions,The Rolling Stones,12,6,6,happy
1989-10-07,7,Love Song,The Cure,10,7,9,happy
1989-10-07,8,18 And Life,Skid Row,6,4,14,happy
1989-10-07,9,Bust A Move,Young M.C.,11,9,11,1
1989-10-07,10,It's No Crime,Babyface,14,10,9,happy
1989-10-07,11,Don't Look Back,Fine Young Cannibals,13,11,9,happy
1989-10-07,12,It's Not Enough,Starship,15,12,10,1
1989-10-07,13,Sowing The Seeds Of Love,Tears For Fears,18,13,6,happy
1989-10-07,14,Listen To Your Heart,Roxette,22,14,7,happy
1989-10-07,15,When I Looked At Him,Expose,17,15,8,happy
1989-10-07,16,Love In An Elevator,Aerosmith,21,16,6,2
1989-10-07,17,Dr. Feelgood,Motley Crue,23,17,6,happy
1989-10-07,18,Partyman,Prince,20,18,7,happy
1989-10-07,19,Cover Girl,New Kids On The Block,31,19,4,happy
1989-10-07,20,Rock Wit'cha,Bobby Brown,28,20,7,1
1989-10-07,21,One,Bee Gees,7,7,11,happy
1989-10-07,22,Don't Wanna Lose You,Gloria Estefan,9,1,14,sad
1989-10-07,23,(You're My One And Only) True Love,Seduction,26,23,14,happy
1989-10-07,24,Kisses On The Wind,Neneh Cherry,8,8,12,happy
1989-10-07,25,Healing Hands,Elton John,32,25,7,happy
1989-10-07,26,Runnin' Down A Dream,Tom Petty,25,23,11,2
1989-10-07,27,Cold Hearted,Paula Abdul,19,1,16,happy
1989-10-07,28,Shower Me With Your Love,Surface,16,5,15,sad
1989-10-07,29,The Best,Tina Turner,34,29,6,0
1989-10-07,30,What I Like About You,Michael Morales,33,30,9,happy
1989-10-07,31,Angel Eyes,The Jeff Healey Band,27,5,17,sad
1989-10-07,32,Call It Love,Poco,36,32,7,happy
1989-10-07,33,When I See You Smile,Bad English,38,33,4,0
1989-10-07,34,Love Shack,The B-52s,37,34,6,1
1989-10-07,35,I Feel The Earth Move,Martika,35,35,6,happy
1989-10-07,36,Hangin' Tough,New Kids On The Block,24,1,13,happy
1989-10-07,37,Right Here Waiting,Richard Marx,29,1,14,0
1989-10-07,38,Didn't I (Blow Your Mind),New Kids On The Block,39,38,4,happy
1989-10-07,39,(It's Just) The Way That You Love Me,Paula Abdul,45,39,8,happy
1989-10-07,40,Let Go,Sharon Bryant,40,40,8,happy
1989-10-07,41,Keep On Movin',Soul II Soul (Featuring Caron Wheeler),30,11,16,happy
1989-10-07,42,Glamour Boys,Living Colour,43,42,7,happy
1989-10-07,43,Don't Shut Me Out,Kevin Paige,44,43,8,happy
1989-10-07,44,Sunshine,Dino,49,44,5,happy
1989-10-07,45,Back To Life,Soul II Soul,52,45,3,1
1989-10-07,46,Poison,Alice Cooper,53,46,3,2
1989-10-07,47,My Heart Skips A Beat,The Cover Girls,51,47,5,happy
1989-10-07,48,Get On Your Feet,Gloria Estefan,65,48,2,1
1989-10-07,49,What About Me,Moving Pictures,46,46,9,sad
1989-10-07,50,I Like It,Dino,41,7,22,happy
1989-10-07,51,Me So Horny,The 2 Live Crew,55,51,5,2
1989-10-07,52,Angelia,Richard Marx,,52,1,0
1989-10-07,53,Don't Close Your Eyes,KIX,60,53,5,sad
1989-10-07,54,Sugar Daddy,Thompson Twins,63,54,3,happy
1989-10-07,55,Congratulations,Vesta,56,55,5,sad
1989-10-07,56,Talk To Myself,Christopher Williams,59,56,5,happy
1989-10-07,57,The Way To Your Heart,Soulsister,64,57,3,happy
1989-10-07,58,Don't Know Much,Linda Ronstadt (Featuring Aaron Neville),72,58,2,0
1989-10-07,59,Once Bitten Twice Shy,Great White,50,5,22,happy
1989-10-07,60,"On Our Own (From ""Ghostbusters II"")",Bobby Brown,47,2,18,happy
1989-10-07,61,Leave A Light On,Belinda Carlisle,78,61,2,happy
1989-10-07,62,"My Fantasy (From ""Do The Right Thing"")",Teddy Riley Featuring Guy,66,62,3,happy
1989-10-07,63,Soul Provider,Michael Bolton,42,17,15,0
1989-10-07,64,Don't Make Me Over,Sybil,73,64,3,happy
1989-10-07,65,Blame It On The Rain,Milli Vanilli,,65,1,happy
1989-10-07,66,Puss N' Boots/These Boots (Are Made For Walkin'),Kon Kan,62,58,6,happy
1989-10-07,67,Put Your Mouth On Me,Eddie Murphy,61,27,11,happy
1989-10-07,68,Secret Rendezvous,Karyn White,58,6,20,happy
1989-10-07,69,Don't Ask Me Why,Eurythmics,81,69,2,happy
1989-10-07,70,Talk It Over,Grayson Hugh,57,19,16,sad
1989-10-07,71,The End Of The Innocence,Don Henley,54,8,16,sad
1989-10-07,72,Living In Sin,Bon Jovi,,72,1,2
1989-10-07,73,I Love The Bass,Bardeux,75,73,4,0
1989-10-07,74,We Could Be Together,Debbie Gibson,71,71,3,happy
1989-10-07,75,Love Cries,Stage Dolls,67,46,11,happy
1989-10-07,76,Licence To Chill,Billy Ocean,,76,1,sad
1989-10-07,77,The Angel Song,Great White,88,77,2,sad
1989-10-07,78,Radar Love,White Lion,86,78,3,happy
1989-10-07,79,Stand Up,Underworld,69,67,7,happy
1989-10-07,80,Hold On,Donny Osmond,89,80,2,happy
1989-10-07,81,Friends,Jody Watley With Eric B. & Rakim,68,9,17,happy
1989-10-07,82,Love Song,Tesla,90,82,2,sad
1989-10-07,83,That's The Way,Katrina And The Waves,48,16,12,happy
1989-10-07,84,No Big Deal,Love And Rockets,82,82,3,happy
1989-10-07,85,"Batdance (From ""Batman"")",Prince,70,1,17,happy
1989-10-07,86,"If You Asked Me To (From ""Licence To Kill"")",Patti LaBelle,,86,1,happy
1989-10-07,87,Girl I Am Searching For You,Stevie B,,87,1,happy
1989-10-07,88,I Don't Want A Lover,Texas,77,77,5,happy
1989-10-07,89,I'm A Believer,Giant,94,89,2,happy
1989-10-07,90,Turned Away,Chuckii Booker,74,42,14,happy
1989-10-07,91,The Last Worthless Evening,Don Henley,,91,1,happy
1989-10-07,92,Right Back Where We Started From,Sinitta,84,84,3,happy
1989-10-07,93,Touch The Fire,Icehouse,,93,1,happy
1989-10-07,94,Sold Me Down The River,The Alarm,,94,1,1
1989-10-07,95,Hungry,Winger,91,91,3,happy
1989-10-07,96,I Want You,Shana,,96,1,happy
1989-10-07,97,Edie (Ciao Baby),The Cult,93,93,2,happy
1989-10-07,98,Need A Little Taste Of Love,The Doobie Brothers,80,45,9,happy
1989-10-07,99,Lay Down Your Arms,The Graces,76,56,9,happy
1989-10-07,100,Hey Ladies,Beastie Boys,79,36,10,1
1989-09-02,1,Cold Hearted,Paula Abdul,2,1,11,happy
1989-09-02,2,Right Here Waiting,Richard Marx,1,1,9,0
1989-09-02,3,Hangin' Tough,New Kids On The Block,3,3,8,happy
1989-09-02,4,Don't Wanna Lose You,Gloria Estefan,4,4,9,sad
1989-09-02,5,Angel Eyes,The Jeff Healey Band,10,5,12,sad
1989-09-02,6,Heaven,Warrant,15,6,7,0
1989-09-02,7,Secret Rendezvous,Karyn White,6,6,15,happy
1989-09-02,8,Shower Me With Your Love,Surface,12,8,10,sad
1989-09-02,9,The End Of The Innocence,Don Henley,8,8,11,sad
1989-09-02,10,Friends,Jody Watley With Eric B. & Rakim,9,9,12,happy
1989-09-02,11,If I Could Turn Back Time,Cher,17,11,9,happy
1989-09-02,12,Girl I'm Gonna Miss You,Milli Vanilli,19,12,5,happy
1989-09-02,13,18 And Life,Skid Row,16,13,9,happy
1989-09-02,14,Keep On Movin',Soul II Soul (Featuring Caron Wheeler),14,14,11,happy
1989-09-02,15,"On Our Own (From ""Ghostbusters II"")",Bobby Brown,5,2,13,happy
1989-09-02,16,Sacred Emotion,Donny Osmond,13,13,12,happy
1989-09-02,17,Once Bitten Twice Shy,Great White,7,5,17,happy
1989-09-02,18,I Like It,Dino,11,7,17,happy
1989-09-02,19,One,Bee Gees,23,19,6,happy
1989-09-02,20,Cherish,Madonna,28,20,3,happy
1989-09-02,21,Talk It Over,Grayson Hugh,22,21,11,sad
1989-09-02,22,Kisses On The Wind,Neneh Cherry,26,22,7,happy
1989-09-02,23,Soul Provider,Michael Bolton,25,23,10,0
1989-09-02,24,That's The Way,Katrina And The Waves,27,24,7,happy
1989-09-02,25,"Batdance (From ""Batman"")",Prince,18,1,12,happy
1989-09-02,26,So Alive,Love And Rockets,21,3,16,happy
1989-09-02,27,Put Your Mouth On Me,Eddie Murphy,34,27,6,happy
1989-09-02,28,Headed For A Heartbreak,Winger,20,19,14,happy
1989-09-02,29,It's Not Enough,Starship,35,29,5,1
1989-09-02,30,Don't Look Back,Fine Young Cannibals,38,30,4,happy
1989-09-02,31,Love Song,The Cure,36,31,4,happy
1989-09-02,32,Toy Soldiers,Martika,24,1,16,sad
1989-09-02,33,The Prisoner,Howard Jones,30,30,10,happy
1989-09-02,34,Runnin' Down A Dream,Tom Petty,39,34,6,2
1989-09-02,35,Bust A Move,Young M.C.,40,35,6,1
1989-09-02,36,Hey Ladies,Beastie Boys,37,36,5,1
1989-09-02,37,(You're My One And Only) True Love,Seduction,44,37,9,happy
1989-09-02,38,If You Don't Know Me By Now,Simply Red,31,1,18,0
1989-09-02,39,When I Looked At Him,Expose,47,39,3,happy
1989-09-02,40,Partyman,Prince,46,40,2,happy
1989-09-02,41,It's No Crime,Babyface,50,41,4,happy
1989-09-02,42,Miss You Much,Janet Jackson,,42,1,1
1989-09-02,43,What I Like About You,Michael Morales,49,43,4,happy
1989-09-02,44,Turned Away,Chuckii Booker,42,42,9,happy
1989-09-02,45,I'm That Type Of Guy,LL Cool J,33,15,13,happy
1989-09-02,46,Forget Me Not,Bad English,45,45,7,happy
1989-09-02,47,Mixed Emotions,The Rolling Stones,,47,1,happy
1989-09-02,48,Listen To Your Heart,Roxette,64,48,2,happy
1989-09-02,49,Lay Your Hands On Me,Bon Jovi,29,7,14,2
1989-09-02,50,Need A Little Taste Of Love,The Doobie Brothers,54,50,4,happy
1989-09-02,51,Gypsy Road,Cinderella,57,51,5,happy
1989-09-02,52,Hooked On You,Sweet Sensation,32,23,26,1
1989-09-02,53,Sowing The Seeds Of Love,Tears For Fears,,53,1,happy
1989-09-02,54,Love Cries,Stage Dolls,60,54,6,happy
1989-09-02,55,Closer To Fine,Indigo Girls,52,52,7,1
1989-09-02,56,Love In An Elevator,Aerosmith,,56,1,2
1989-09-02,57,Rock Wit'cha,Bobby Brown,92,57,2,1
1989-09-02,58,Oh Daddy,Adrian Belew,63,58,5,sad
1989-09-02,59,Healing Hands,Elton John,78,59,2,happy
1989-09-02,60,What About Me,Moving Pictures,69,60,4,sad
1989-09-02,61,Baby Don't Forget My Number,Milli Vanilli,48,1,19,happy
1989-09-02,62,Lay Down Your Arms,The Graces,76,62,4,happy
1989-09-02,63,Little Fighter,White Lion,61,52,11,1
1989-09-02,64,My First Night Without You,Cyndi Lauper,62,62,5,happy
1989-09-02,65,Dr. Feelgood,Motley Crue,,65,1,happy
1989-09-02,66,No More Rhyme,Debbie Gibson,41,17,12,sad
1989-09-02,67,Hey Baby,Henry Lee Summer,43,18,16,happy
1989-09-02,68,Call It Love,Poco,94,68,2,happy
1989-09-02,69,In My Eyes,Stevie B,56,37,15,happy
1989-09-02,70,Express Yourself,Madonna,55,2,14,1
1989-09-02,71,Dressed For Success,Roxette,58,14,15,happy
1989-09-02,72,On The Line,Tangier,81,72,4,1
1989-09-02,73,Let The Day Begin,The Call,51,51,7,happy
1989-09-02,74,Don't Say You Love Me,Billy Squier,74,58,11,happy
1989-09-02,75,Pride & Passion,John Cafferty & The Beaver Brown Band,66,66,6,happy
1989-09-02,76,Let Go,Sharon Bryant,82,76,3,happy
1989-09-02,77,The Best,Tina Turner,,77,1,0
1989-09-02,78,Don't Shut Me Out,Kevin Paige,83,78,3,happy
1989-09-02,79,Buffalo Stance,Neneh Cherry,77,3,23,happy
1989-09-02,80,"Wind Beneath My Wings (From ""Beaches"")",Bette Midler,68,1,27,sad
1989-09-02,81,Smooth Up,BulletBoys,71,71,7,0
1989-09-02,82,When The Radio Is On,Paul Shaffer,86,82,4,happy
1989-09-02,83,You Better Dance,The Jets,59,59,6,happy
1989-09-02,84,Love Shack,The B-52s,,84,1,1
1989-09-02,85,Glamour Boys,Living Colour,98,85,2,happy
1989-09-02,86,Walkin' Shoes,Tora Tora,91,86,4,2
1989-09-02,87,Stand Up,Underworld,95,87,2,happy
1989-09-02,88,Me Myself And I,De La Soul,72,34,14,happy
1989-09-02,89,Lay All Your Love On Me,Information Society,85,85,4,happy
1989-09-02,90,Who Do You Give Your Love To?,Michael Morales,73,15,19,happy
1989-09-02,91,Crazy About Her,Rod Stewart,65,11,17,happy
1989-09-02,92,Love Has Taken Its Toll,Saraya,80,64,9,happy
1989-09-02,93,Puss N' Boots/These Boots (Are Made For Walkin'),Kon Kan,,93,1,happy
1989-09-02,94,Trouble Me,"10,000 Maniacs",70,44,12,1
1989-09-02,95,Still Cruisin',The Beach Boys,93,93,2,happy
1989-09-02,96,I Feel The Earth Move,Martika,,96,1,happy
1989-09-02,97,Cover Of Love,Michael Damian,53,31,12,happy
1989-09-02,98,Ain't Too Proud To Beg,Rick Astley,89,89,3,happy
1989-09-02,99,Jackie Brown,John Mellencamp,67,48,8,happy
1989-09-02,100,And The Night Stood Still,Dion,75,75,5,1
1989-08-05,1,"Batdance (From ""Batman"")",Prince,2,1,8,happy
1989-08-05,2,"On Our Own (From ""Ghostbusters II"")",Bobby Brown,5,2,9,happy
1989-08-05,3,So Alive,Love And Rockets,4,3,12,happy
1989-08-05,4,Right Here Waiting,Richard Marx,10,4,5,0
1989-08-05,5,Toy Soldiers,Martika,1,1,12,sad
1989-08-05,6,Once Bitten Twice Shy,Great White,8,6,13,happy
1989-08-05,7,Lay Your Hands On Me,Bon Jovi,7,7,10,2
1989-08-05,8,I Like It,Dino,9,8,13,happy
1989-08-05,9,Cold Hearted,Paula Abdul,13,9,7,happy
1989-08-05,10,If You Don't Know Me By Now,Simply Red,6,1,14,0
1989-08-05,11,Express Yourself,Madonna,3,2,10,1
1989-08-05,12,Crazy About Her,Rod Stewart,11,11,13,happy
1989-08-05,13,Secret Rendezvous,Karyn White,18,13,11,happy
1989-08-05,14,Don't Wanna Lose You,Gloria Estefan,24,14,5,sad
1989-08-05,15,I'm That Type Of Guy,LL Cool J,19,15,9,happy
1989-08-05,16,Dressed For Success,Roxette,14,14,11,happy
1989-08-05,17,Hangin' Tough,New Kids On The Block,26,17,4,happy
1989-08-05,18,Hey Baby,Henry Lee Summer,20,18,12,happy
1989-08-05,19,Friends,Jody Watley With Eric B. & Rakim,22,19,8,happy
1989-08-05,20,No More Rhyme,Debbie Gibson,21,20,8,sad
1989-08-05,21,The End Of The Innocence,Don Henley,23,21,7,sad
1989-08-05,22,Sacred Emotion,Donny Osmond,29,22,8,happy
1989-08-05,23,Headed For A Heartbreak,Winger,28,23,10,happy
1989-08-05,24,Angel Eyes,The Jeff Healey Band,31,24,8,sad
1989-08-05,25,Hooked On You,Sweet Sensation,30,25,22,1
1989-08-05,26,What You Don't Know,Expose,12,8,12,happy
1989-08-05,27,Baby Don't Forget My Number,Milli Vanilli,17,1,15,happy
1989-08-05,28,Keep On Movin',Soul II Soul (Featuring Caron Wheeler),34,28,7,happy
1989-08-05,29,Who Do You Give Your Love To?,Michael Morales,15,15,15,happy
1989-08-05,30,Good Thing,Fine Young Cannibals,16,1,14,1
1989-08-05,31,Shower Me With Your Love,Surface,38,31,6,sad
1989-08-05,32,18 And Life,Skid Row,39,32,5,happy
1989-08-05,33,Cover Of Love,Michael Damian,36,33,8,happy
1989-08-05,34,If I Could Turn Back Time,Cher,43,34,5,happy
1989-08-05,35,Me Myself And I,De La Soul,35,34,10,happy
1989-08-05,36,Heaven,Warrant,50,36,3,0
1989-08-05,37,Miss You Like Crazy,Natalie Cole,27,7,17,sad
1989-08-05,38,In My Eyes,Stevie B,37,37,11,happy
1989-08-05,39,Talk It Over,Grayson Hugh,47,39,7,sad
1989-08-05,40,Buffalo Stance,Neneh Cherry,33,3,19,happy
1989-08-05,41,Send Me An Angel '89,Real Life,32,26,13,happy
1989-08-05,42,The Prisoner,Howard Jones,48,42,6,happy
1989-08-05,43,"It Isn't, It Wasn't, It Ain't Never Gonna Be",Aretha Franklin/Whitney Houston,41,41,6,happy
1989-08-05,44,The Doctor,The Doobie Brothers,25,9,12,happy
1989-08-05,45,Soul Provider,Michael Bolton,49,45,6,0
1989-08-05,46,"Wind Beneath My Wings (From ""Beaches"")",Bette Midler,42,1,23,sad
1989-08-05,47,Trouble Me,"10,000 Maniacs",53,47,8,1
1989-08-05,48,Kisses On The Wind,Neneh Cherry,59,48,3,happy
1989-08-05,49,That's The Way,Katrina And The Waves,65,49,3,happy
1989-08-05,50,I'll Be Loving You (Forever),New Kids On The Block,45,1,19,0
1989-08-05,51,Into The Night,Benny Mardones,46,11,34,0
1989-08-05,52,One,Bee Gees,73,52,2,happy
1989-08-05,53,Girl I'm Gonna Miss You,Milli Vanilli,,53,1,happy
1989-08-05,54,Turned Away,Chuckii Booker,64,54,5,happy
1989-08-05,55,Satisfied,Richard Marx,40,1,14,happy
1989-08-05,56,Jackie Brown,John Mellencamp,68,56,4,happy
1989-08-05,57,"In Your Eyes (Theme From ""Say Anything"")",Peter Gabriel,52,26,26,happy
1989-08-05,58,Little Fighter,White Lion,60,58,7,1
1989-08-05,59,I Drove All Night,Cyndi Lauper,44,6,14,happy
1989-08-05,60,Tell Me I'm Not Dreaming,Robert Palmer,62,60,6,happy
1989-08-05,61,Don't Say You Love Me,Billy Squier,58,58,7,happy
1989-08-05,62,Forget Me Not,Bad English,72,62,3,happy
1989-08-05,63,Close My Eyes Forever,Lita Ford (Duet With Ozzy Osbourne),57,8,23,0
1989-08-05,64,Down Boys,Warrant,55,27,15,1
1989-08-05,65,This Time I Know It's For Real,Donna Summer,51,7,16,1
1989-08-05,66,Closer To Fine,Indigo Girls,74,66,3,1
1989-08-05,67,Hey Ladies,Beastie Boys,,67,1,1
1989-08-05,68,(You're My One And Only) True Love,Seduction,79,68,5,happy
1989-08-05,69,Put Your Mouth On Me,Eddie Murphy,90,69,2,happy
1989-08-05,70,Love Has Taken Its Toll,Saraya,77,70,5,happy
1989-08-05,71,Right Next To Me,Whistle,63,60,10,sad
1989-08-05,72,My Paradise,The Outfield,75,72,3,happy
1989-08-05,73,Runnin' Down A Dream,Tom Petty,93,73,2,2
1989-08-05,74,Come Home With Me Baby,Dead Or Alive,69,69,6,happy
1989-08-05,75,Pride & Passion,John Cafferty & The Beaver Brown Band,82,75,2,happy
1989-08-05,76,Bust A Move,Young M.C.,81,76,2,1
1989-08-05,77,Joy And Pain,Rob Base & D.J. E-Z Rock,71,58,11,0
1989-08-05,78,You Better Dance,The Jets,92,78,2,happy
1989-08-05,79,Let The Day Begin,The Call,88,79,3,happy
1989-08-05,80,It's Not Enough,Starship,,80,1,1
1989-08-05,81,Every Little Step,Bobby Brown,54,3,20,1
1989-08-05,82,Smooth Up,BulletBoys,84,82,3,0
1989-08-05,83,Forever Your Girl,Paula Abdul,66,1,22,happy
1989-08-05,84,Nature Of Love,Waterfront,95,84,2,happy
1989-08-05,85,Fire Woman,The Cult,61,46,11,happy
1989-08-05,86,And The Night Stood Still,Dion,,86,1,1
1989-08-05,87,Love Cries,Stage Dolls,96,87,2,happy
1989-08-05,88,Gypsy Road,Cinderella,,88,1,happy
1989-08-05,89,Comin' Down Tonight,Thirty Eight Special,83,67,7,happy
1989-08-05,90,Rooms On Fire,Stevie Nicks,67,16,14,happy
1989-08-05,91,I Won't Back Down,Tom Petty,56,12,15,1
1989-08-05,92,Where Are You Now?,Jimmy Harnen With Synch,89,10,36,happy
1989-08-05,93,Nightrain,Guns N' Roses,97,93,2,happy
1989-08-05,94,Patience,Guns N' Roses,86,4,18,sad
1989-08-05,95,Oh Daddy,Adrian Belew,,95,1,sad
1989-08-05,96,My First Night Without You,Cyndi Lauper,,96,1,happy
1989-08-05,97,Gonna Make It,SaFire,76,71,7,2
1989-08-05,98,"Rock On (From """"Dream A Little Dream"""")",Michael Damian,70,1,21,energetic
1989-08-05,99,Calling It Love,Animotion,78,53,9,happy
1989-08-05,100,Open Letter (To A Landlord),Living Colour,85,82,5,happy
1989-07-01,1,Baby Don't Forget My Number,Milli Vanilli,4,1,10,happy
1989-07-01,2,Good Thing,Fine Young Cannibals,5,2,9,1
1989-07-01,3,Satisfied,Richard Marx,1,1,9,happy
1989-07-01,4,Buffalo Stance,Neneh Cherry,3,3,14,happy
1989-07-01,5,If You Don't Know Me By Now,Simply Red,11,5,9,0
1989-07-01,6,Express Yourself,Madonna,13,6,5,1
1989-07-01,7,This Time I Know It's For Real,Donna Summer,7,7,11,1
1989-07-01,8,I Drove All Night,Cyndi Lauper,12,8,9,happy
1989-07-01,9,Miss You Like Crazy,Natalie Cole,9,9,12,sad
1989-07-01,10,I'll Be Loving You (Forever),New Kids On The Block,2,1,14,0
1989-07-01,11,Toy Soldiers,Martika,15,11,7,sad
1989-07-01,12,I Won't Back Down,Tom Petty,14,12,10,1
1989-07-01,13,What You Don't Know,Expose,16,13,7,happy
1989-07-01,14,The Doctor,The Doobie Brothers,17,14,7,happy
1989-07-01,15,"Wind Beneath My Wings (From ""Beaches"")",Bette Midler,6,1,18,sad
1989-07-01,16,Rooms On Fire,Stevie Nicks,22,16,9,happy
1989-07-01,17,Cry,Waterfront,10,10,13,happy
1989-07-01,18,Every Little Step,Bobby Brown,8,3,15,1
1989-07-01,19,So Alive,Love And Rockets,26,19,7,happy
1989-07-01,20,Into The Night,Benny Mardones,23,11,29,0
1989-07-01,21,Crazy About Her,Rod Stewart,24,21,8,happy
1989-07-01,22,"Batdance (From ""Batman"")",Prince,41,22,3,happy
1989-07-01,23,Lay Your Hands On Me,Bon Jovi,29,23,5,2
1989-07-01,24,Who Do You Give Your Love To?,Michael Morales,28,24,10,happy
1989-07-01,25,Once Bitten Twice Shy,Great White,35,25,8,happy
1989-07-01,26,My Brave Face,Paul McCartney,33,26,6,happy
1989-07-01,27,"On Our Own (From ""Ghostbusters II"")",Bobby Brown,42,27,4,happy
1989-07-01,28,Veronica,Elvis Costello,19,19,11,1
1989-07-01,29,I Like It,Dino,39,29,8,happy
1989-07-01,30,Close My Eyes Forever,Lita Ford (Duet With Ozzy Osbourne),18,8,18,0
1989-07-01,31,Down Boys,Warrant,38,31,10,1
1989-07-01,32,Send Me An Angel '89,Real Life,36,32,8,happy
1989-07-01,33,Be With You,The Bangles,30,30,9,happy
1989-07-01,34,Dressed For Success,Roxette,40,34,6,happy
1989-07-01,35,Coming Home,Cinderella,20,20,13,0
1989-07-01,36,"Rock On (From """"Dream A Little Dream"""")",Michael Damian,21,1,16,energetic
1989-07-01,37,Forever Your Girl,Paula Abdul,25,1,17,happy
1989-07-01,38,Hey Baby,Henry Lee Summer,43,38,7,happy
1989-07-01,39,Secret Rendezvous,Karyn White,44,39,6,happy
1989-07-01,40,Where Are You Now?,Jimmy Harnen With Synch,32,10,31,happy
1989-07-01,41,No More Rhyme,Debbie Gibson,51,41,3,sad
1989-07-01,42,"In Your Eyes (Theme From ""Say Anything"")",Peter Gabriel,45,26,21,happy
1989-07-01,43,Me Myself And I,De La Soul,49,43,5,happy
1989-07-01,44,Patience,Guns N' Roses,34,4,13,sad
1989-07-01,45,I'm That Type Of Guy,LL Cool J,54,45,4,happy
1989-07-01,46,Cold Hearted,Paula Abdul,65,46,2,happy
1989-07-01,47,Headed For A Heartbreak,Winger,53,47,5,happy
1989-07-01,48,Sacred Emotion,Donny Osmond,58,48,3,happy
1989-07-01,49,The End Of The Innocence,Don Henley,62,49,2,sad
1989-07-01,50,Fire Woman,The Cult,50,50,6,happy
1989-07-01,51,Hooked On You,Sweet Sensation,56,51,17,1
1989-07-01,52,In My Eyes,Stevie B,57,52,6,happy
1989-07-01,53,Fascination Street,The Cure,46,46,8,2
1989-07-01,54,Friends,Jody Watley With Eric B. & Rakim,66,54,3,happy
1989-07-01,55,Soldier Of Love,Donny Osmond,37,2,15,happy
1989-07-01,56,Pop Singer,John Mellencamp,31,15,10,happy
1989-07-01,57,Cuddly Toy (Feel For Me),Roachford,27,25,12,happy
1989-07-01,58,Joy And Pain,Rob Base & D.J. E-Z Rock,64,58,6,0
1989-07-01,59,We Can Last Forever,Chicago,55,55,8,happy
1989-07-01,60,Calling It Love,Animotion,70,60,4,happy
1989-07-01,61,Cover Of Love,Michael Damian,72,61,3,happy
1989-07-01,62,Real Love,Jody Watley,47,2,16,happy
1989-07-01,63,Angel Eyes,The Jeff Healey Band,76,63,3,sad
1989-07-01,64,Everlasting Love,Howard Jones,48,12,16,happy
1989-07-01,65,Right Next To Me,Whistle,71,65,5,sad
1989-07-01,66,"After All (Love Theme From ""Chances Are"")",Cher & Peter Cetera,59,6,17,0
1989-07-01,67,I'll Be There For You,Bon Jovi,52,1,18,happy
1989-07-01,68,Moonlight On Water,Kevin Raleigh,60,60,7,happy
1989-07-01,69,Keep On Movin',Soul II Soul (Featuring Caron Wheeler),82,69,2,happy
1989-07-01,70,Love Train,Holly Johnson,78,70,3,1
1989-07-01,71,I Want It All,Queen,61,50,8,1
1989-07-01,72,Thinking Of You,SaFire,67,12,22,happy
1989-07-01,73,"It Isn't, It Wasn't, It Ain't Never Gonna Be",Aretha Franklin/Whitney Houston,,73,1,happy
1989-07-01,74,Trouble Me,"10,000 Maniacs",81,74,3,1
1989-07-01,75,Yo No Se,Pajama Party,77,75,7,happy
1989-07-01,76,Soul Provider,Michael Bolton,,76,1,0
1989-07-01,77,Comin' Down Tonight,Thirty Eight Special,83,77,2,happy
1989-07-01,78,Praying To A New God,Wang Chung,63,63,6,happy
1989-07-01,79,Talk It Over,Grayson Hugh,88,79,2,sad
1989-07-01,80,Little Fighter,White Lion,94,80,2,1
1989-07-01,81,Dancing In Heaven (Orbital Be-Bop),Q-feel,87,81,3,1
1989-07-01,82,Gonna Make It,SaFire,90,82,2,2
1989-07-01,83,"Iko Iko (From ""Rain Man"")",The Belle Stars,69,14,18,happy
1989-07-01,84,Funky Cold Medina,Tone-Loc,74,3,18,1
1989-07-01,85,Don't Say You Love Me,Billy Squier,93,85,2,happy
1989-07-01,86,Nothin (That Compares 2 U),The Jacksons,79,77,5,happy
1989-07-01,87,Shower Me With Your Love,Surface,,87,1,sad
1989-07-01,88,Second Chance,Thirty Eight Special,68,6,21,2
1989-07-01,89,The Prisoner,Howard Jones,,89,1,happy
1989-07-01,90,Come Home With Me Baby,Dead Or Alive,,90,1,happy
1989-07-01,91,Tell Me I'm Not Dreaming,Robert Palmer,,91,1,happy
1989-07-01,92,Closer Than Friends,Surface,85,57,12,happy
1989-07-01,93,All I Want Is You,U2,,93,1,0
1989-07-01,94,I Wanna Be The One,Stevie B,84,32,20,happy
1989-07-01,95,You Are The One,TKA,92,91,5,happy
1989-07-01,96,She Drives Me Crazy,Fine Young Cannibals,75,1,23,1
1989-07-01,97,My One Temptation,Mica Paris,97,97,2,happy
1989-07-01,98,Like A Prayer,Madonna,73,1,16,1
1989-07-01,99,Pop Song 89,R.E.M.,86,86,4,happy
1989-07-01,100,Girl You Know It's True,Milli Vanilli,80,2,26,happy
1989-06-03,1,"Rock On (From """"Dream A Little Dream"""")",Michael Damian,3,1,12,energetic
1989-06-03,2,Soldier Of Love,Donny Osmond,4,2,11,happy
1989-06-03,3,"Wind Beneath My Wings (From ""Beaches"")",Bette Midler,6,3,14,sad
1989-06-03,4,Patience,Guns N' Roses,5,4,9,sad
1989-06-03,5,I'll Be Loving You (Forever),New Kids On The Block,7,5,10,0
1989-06-03,6,Every Little Step,Bobby Brown,8,6,11,1
1989-06-03,7,Real Love,Jody Watley,2,2,12,happy
1989-06-03,8,Forever Your Girl,Paula Abdul,1,1,13,happy
1989-06-03,9,Buffalo Stance,Neneh Cherry,12,9,10,happy
1989-06-03,10,Close My Eyes Forever,Lita Ford (Duet With Ozzy Osbourne),10,10,14,0
1989-06-03,11,Satisfied,Richard Marx,14,11,5,happy
1989-06-03,12,Everlasting Love,Howard Jones,13,12,12,happy
1989-06-03,13,Where Are You Now?,Jimmy Harnen With Synch,15,13,27,happy
1989-06-03,14,Cry,Waterfront,20,14,9,happy
1989-06-03,15,Baby Don't Forget My Number,Milli Vanilli,22,15,6,happy
1989-06-03,16,This Time I Know It's For Real,Donna Summer,23,16,7,1
1989-06-03,17,Through The Storm,Aretha Franklin & Elton John,16,16,8,happy
1989-06-03,18,Pop Singer,John Mellencamp,21,18,6,happy
1989-06-03,19,Good Thing,Fine Young Cannibals,28,19,5,1
1989-06-03,20,I'll Be There For You,Bon Jovi,9,1,14,happy
1989-06-03,21,Miss You Like Crazy,Natalie Cole,24,21,8,sad
1989-06-03,22,I Won't Back Down,Tom Petty,32,22,6,1
1989-06-03,23,Electric Youth,Debbie Gibson,11,11,10,happy
1989-06-03,24,Coming Home,Cinderella,30,24,9,0
1989-06-03,25,I Drove All Night,Cyndi Lauper,33,25,5,happy
1989-06-03,26,"After All (Love Theme From ""Chances Are"")",Cher & Peter Cetera,17,6,13,0
1989-06-03,27,Voices Of Babylon,The Outfield,25,25,11,happy
1989-06-03,28,Second Chance,Thirty Eight Special,19,6,17,2
1989-06-03,29,Veronica,Elvis Costello,36,29,7,1
1989-06-03,30,Little Jackie Wants To Be A Star,Lisa Lisa And Cult Jam,29,29,8,happy
1989-06-03,31,Like A Prayer,Madonna,18,1,12,1
1989-06-03,32,If You Don't Know Me By Now,Simply Red,40,32,5,0
1989-06-03,33,Cuddly Toy (Feel For Me),Roachford,37,33,8,happy
1989-06-03,34,"Iko Iko (From ""Rain Man"")",The Belle Stars,26,14,14,happy
1989-06-03,35,Into The Night,Benny Mardones,41,11,25,0
1989-06-03,36,What You Don't Know,Expose,45,36,3,happy
1989-06-03,37,Rooms On Fire,Stevie Nicks,42,37,5,happy
1989-06-03,38,Thinking Of You,SaFire,27,12,18,happy
1989-06-03,39,Be With You,The Bangles,44,39,5,happy
1989-06-03,40,The Doctor,The Doobie Brothers,46,40,3,happy
1989-06-03,41,Express Yourself,Madonna,,41,1,1
1989-06-03,42,Toy Soldiers,Martika,51,42,3,sad
1989-06-03,43,Crazy About Her,Rod Stewart,48,43,4,happy
1989-06-03,44,Who Do You Give Your Love To?,Michael Morales,49,44,6,happy
1989-06-03,45,She Drives Me Crazy,Fine Young Cannibals,35,1,19,1
1989-06-03,46,Giving Up On Love,Rick Astley,38,38,8,happy
1989-06-03,47,Down Boys,Warrant,50,47,6,1
1989-06-03,48,Send Me An Angel '89,Real Life,52,48,4,happy
1989-06-03,49,Funky Cold Medina,Tone-Loc,34,3,14,1
1989-06-03,50,Cult Of Personality,Living Colour,31,13,13,happy
1989-06-03,51,Downtown,One 2 Many,39,37,11,happy
1989-06-03,52,I Like It,Dino,60,52,4,happy
1989-06-03,53,Once Bitten Twice Shy,Great White,63,53,4,happy
1989-06-03,54,My Brave Face,Paul McCartney,72,54,2,happy
1989-06-03,55,So Alive,Love And Rockets,68,55,3,happy
1989-06-03,56,Fascination Street,The Cure,59,56,4,2
1989-06-03,57,Dressed For Success,Roxette,80,57,2,happy
1989-06-03,58,Lay Your Hands On Me,Bon Jovi,,58,1,2
1989-06-03,59,Hey Baby,Henry Lee Summer,70,59,3,happy
1989-06-03,60,The Look,Roxette,47,1,17,happy
1989-06-03,61,We Can Last Forever,Chicago,65,61,4,happy
1989-06-03,62,"In Your Eyes (Theme From ""Say Anything"")",Peter Gabriel,77,26,17,happy
1989-06-03,63,Girl You Know It's True,Milli Vanilli,56,2,22,happy
1989-06-03,64,I Wanna Be The One,Stevie B,55,32,16,happy
1989-06-03,65,I Want It All,Queen,74,65,4,1
1989-06-03,66,Round & Round,New Order,64,64,7,1
1989-06-03,67,A Shoulder To Cry On,Tommy Page,53,29,17,sad
1989-06-03,68,I Only Wanna Be With You,Samantha Fox,43,31,12,happy
1989-06-03,69,Circle,Edie Brickell & New Bohemians,54,48,9,0
1989-06-03,70,I Like,Guy,73,70,5,2
1989-06-03,71,Secret Rendezvous,Karyn White,83,71,2,happy
1989-06-03,72,Eternal Flame,The Bangles,61,1,18,sad
1989-06-03,73,Heaven Help Me,Deon Estus With George Michael,57,5,15,0
1989-06-03,74,Fire Woman,The Cult,84,74,2,happy
1989-06-03,75,Anything Can Happen,Was (Not Was),75,75,5,happy
1989-06-03,76,Closer Than Friends,Surface,71,57,8,happy
1989-06-03,77,(Between A) Rock And A Hard Place,Cutting Crew,78,77,4,happy
1989-06-03,78,Moonlight On Water,Kevin Raleigh,85,78,3,happy
1989-06-03,79,Stop,Sam Brown,69,65,8,0
1989-06-03,80,Room To Move,Animotion,58,9,16,happy
1989-06-03,81,Praying To A New God,Wang Chung,93,81,2,happy
1989-06-03,82,In My Eyes,Stevie B,87,82,2,happy
1989-06-03,83,Seventeen,Winger,66,26,15,happy
1989-06-03,84,Yo No Se,Pajama Party,86,84,3,happy
1989-06-03,85,Joy And Pain,Rob Base & D.J. E-Z Rock,90,85,2,0
1989-06-03,86,Me Myself And I,De La Soul,,86,1,happy
1989-06-03,87,The Mayor Of Simpleton,XTC,76,72,6,happy
1989-06-03,88,Sincerely Yours,Sweet Sensation (With Romeo J.D.),62,14,18,sad
1989-06-03,89,Right Next To Me,Whistle,,89,1,sad
1989-06-03,90,I'll Be You,The Replacements,67,51,9,2
1989-06-03,91,Hooked On You,Sweet Sensation,,64,13,1
1989-06-03,92,Let Me In,Eddie Money,81,60,7,happy
1989-06-03,93,Nothin (That Compares 2 U),The Jacksons,,93,1,happy
1989-06-03,94,Headed For A Heartbreak,Winger,,94,1,happy
1989-06-03,95,For The Love Of Money,BulletBoys,82,78,6,1
1989-06-03,96,Waiting Game,Swing Out Sister,,96,1,1
1989-06-03,97,Darlin' I,Vanessa Williams,,97,1,sad
1989-06-03,98,You Are The One,TKA,,98,1,happy
1989-06-03,99,Shake It Up,Bad Company,91,82,7,happy
1989-06-03,100,Now You're In Heaven,Julian Lennon,94,93,4,happy
1989-05-06,1,Like A Prayer,Madonna,1,1,8,1
1989-05-06,2,I'll Be There For You,Bon Jovi,2,2,10,happy
1989-05-06,3,Real Love,Jody Watley,8,3,8,happy
1989-05-06,4,Funky Cold Medina,Tone-Loc,3,3,10,1
1989-05-06,5,Forever Your Girl,Paula Abdul,10,5,9,happy
1989-05-06,6,Second Chance,Thirty Eight Special,7,6,13,2
1989-05-06,7,"After All (Love Theme From ""Chances Are"")",Cher & Peter Cetera,9,7,9,0
1989-05-06,8,Soldier Of Love,Donny Osmond,15,8,7,happy
1989-05-06,9,Room To Move,Animotion,11,9,12,happy
1989-05-06,10,She Drives Me Crazy,Fine Young Cannibals,4,1,15,1
1989-05-06,11,Heaven Help Me,Deon Estus With George Michael,5,5,11,0
1989-05-06,12,Thinking Of You,SaFire,13,12,14,happy
1989-05-06,13,Cult Of Personality,Living Colour,17,13,9,happy
1989-05-06,14,"Rock On (From """"Dream A Little Dream"""")",Michael Damian,18,14,8,energetic
1989-05-06,15,"Iko Iko (From ""Rain Man"")",The Belle Stars,16,15,10,happy
1989-05-06,16,Sincerely Yours,Sweet Sensation (With Romeo J.D.),14,14,14,sad
1989-05-06,17,Electric Youth,Debbie Gibson,19,17,6,happy
1989-05-06,18,Patience,Guns N' Roses,22,18,5,sad
1989-05-06,19,"Wind Beneath My Wings (From ""Beaches"")",Bette Midler,20,19,10,sad
1989-05-06,20,Every Little Step,Bobby Brown,23,20,7,1
1989-05-06,21,The Look,Roxette,6,1,13,happy
1989-05-06,22,I'll Be Loving You (Forever),New Kids On The Block,28,22,6,0
1989-05-06,23,Rocket,Def Leppard,12,12,10,2
1989-05-06,24,Everlasting Love,Howard Jones,26,24,8,happy
1989-05-06,25,Close My Eyes Forever,Lita Ford (Duet With Ozzy Osbourne),29,25,10,0
1989-05-06,26,Seventeen,Winger,27,26,11,happy
1989-05-06,27,Where Are You Now?,Jimmy Harnen With Synch,33,27,23,happy
1989-05-06,28,Girl You Know It's True,Milli Vanilli,25,2,18,happy
1989-05-06,29,A Shoulder To Cry On,Tommy Page,31,29,13,sad
1989-05-06,30,Through The Storm,Aretha Franklin & Elton John,36,30,4,happy
1989-05-06,31,Eternal Flame,The Bangles,24,1,14,sad
1989-05-06,32,Buffalo Stance,Neneh Cherry,41,32,6,happy
1989-05-06,33,Voices Of Babylon,The Outfield,37,33,7,happy
1989-05-06,34,Cry,Waterfront,42,34,5,happy
1989-05-06,35,Stand,R.E.M.,21,6,16,1
1989-05-06,36,I Only Wanna Be With You,Samantha Fox,39,36,8,happy
1989-05-06,37,I Wanna Be The One,Stevie B,35,32,12,happy
1989-05-06,38,Your Mama Don't Dance,Poison,30,10,12,2
1989-05-06,39,Satisfied,Richard Marx,,39,1,happy
1989-05-06,40,Downtown,One 2 Many,47,40,7,happy
1989-05-06,41,Little Jackie Wants To Be A Star,Lisa Lisa And Cult Jam,48,41,4,happy
1989-05-06,42,Pop Singer,John Mellencamp,54,42,2,happy
1989-05-06,43,Miss You Like Crazy,Natalie Cole,49,43,4,sad
1989-05-06,44,Coming Home,Cinderella,51,44,5,0
1989-05-06,45,This Time I Know It's For Real,Donna Summer,57,45,3,1
1989-05-06,46,Superwoman,Karyn White,34,8,15,1
1989-05-06,47,You Got It,Roy Orbison,32,9,16,1
1989-05-06,48,Giving Up On Love,Rick Astley,52,48,4,happy
1989-05-06,49,Baby Don't Forget My Number,Milli Vanilli,62,49,2,happy
1989-05-06,50,Circle,Edie Brickell & New Bohemians,55,50,5,0
1989-05-06,51,Cuddly Toy (Feel For Me),Roachford,59,51,4,happy
1989-05-06,52,I'll Be You,The Replacements,53,52,5,2
1989-05-06,53,Veronica,Elvis Costello,64,53,3,1
1989-05-06,54,The Living Years,Mike + The Mechanics,45,1,18,0
1989-05-06,55,"Birthday Suit (From """"Sing"""")",Johnny Kemp,40,36,11,calm
1989-05-06,56,My Heart Can't Tell You No,Rod Stewart,43,4,22,sad
1989-05-06,57,Lost In Your Eyes,Debbie Gibson,46,1,16,0
1989-05-06,58,Dreamin',Vanessa Williams,44,8,18,sad
1989-05-06,59,Orinoco Flow (Sail Away),Enya,38,24,16,sad
1989-05-06,60,I Drove All Night,Cyndi Lauper,,60,1,happy
1989-05-06,61,Let Me In,Eddie Money,72,61,3,happy
1989-05-06,62,The Different Story (World Of Lust And Crime),Peter Schilling,61,61,7,happy
1989-05-06,63,I Won't Back Down,Tom Petty,75,63,2,1
1989-05-06,64,Seeing Is Believing,Mike + The Mechanics,74,64,3,happy
1989-05-06,65,Into The Night,Benny Mardones,,11,21,0
1989-05-06,66,Closer Than Friends,Surface,73,66,4,happy
1989-05-06,67,Stop,Sam Brown,71,67,4,0
1989-05-06,68,Straight Up,Paula Abdul,58,1,23,1
1989-05-06,69,Good Thing,Fine Young Cannibals,,69,1,1
1989-05-06,70,You Ain't Seen Nothing Yet,Figures On A Beach,67,67,5,happy
1989-05-06,71,You Got It (The Right Stuff),New Kids On The Block,56,3,25,happy
1989-05-06,72,Wild Thing,Tone-Loc,70,2,23,2
1989-05-06,73,Be With You,The Bangles,,73,1,happy
1989-05-06,74,Round & Round,New Order,81,74,3,1
1989-05-06,75,Down Boys,Warrant,90,75,2,1
1989-05-06,76,One,Metallica,60,35,12,0
1989-05-06,77,When Love Comes To Town,U2 With B.B. King,68,68,6,happy
1989-05-06,78,Walk The Dinosaur,Was (Not Was),50,7,15,1
1989-05-06,79,Hearts On Fire,Steve Winwood,63,53,8,happy
1989-05-06,80,Who Do You Give Your Love To?,Michael Morales,88,80,2,happy
1989-05-06,81,If You Don't Know Me By Now,Simply Red,,81,1,0
1989-05-06,82,I Like,Guy,,82,1,2
1989-05-06,83,For The Love Of Money,BulletBoys,87,83,2,1
1989-05-06,84,The Mayor Of Simpleton,XTC,92,84,2,happy
1989-05-06,85,Rooms On Fire,Stevie Nicks,,85,1,happy
1989-05-06,86,You're Not Alone,Chicago,65,10,16,happy
1989-05-06,87,The Love In Your Eyes,Eddie Money,78,24,17,happy
1989-05-06,88,Just Because,Anita Baker,69,14,16,happy
1989-05-06,89,Anything Can Happen,Was (Not Was),,89,1,happy
1989-05-06,90,Shake It Up,Bad Company,82,82,3,happy
1989-05-06,91,Paradise City,Guns N' Roses,76,5,17,happy
1989-05-06,92,More Than You Know,Martika,80,18,20,happy
1989-05-06,93,Repetition,Information Society,77,76,6,happy
1989-05-06,94,"Let The River Run (Theme From ""Working Girl"")",Carly Simon,66,49,10,sad
1989-05-06,95,24/7,Dino,79,42,14,happy
1989-05-06,96,Good Life,Inner City,85,73,10,1
1989-05-06,97,Working On It,Chris Rea,83,73,7,happy
1989-05-06,98,Can You Stand The Rain,New Edition,94,44,13,0
1989-05-06,99,I Can't Face The Fact,Gina Go-Go,84,78,11,happy
1989-05-06,100,Somebody Like You,Robbie Nevil,86,63,8,happy
1989-04-01,1,Eternal Flame,The Bangles,2,1,9,sad
1989-04-01,2,Girl You Know It's True,Milli Vanilli,3,2,13,happy
1989-04-01,3,The Look,Roxette,4,3,8,happy
1989-04-01,4,My Heart Can't Tell You No,Rod Stewart,5,4,17,sad
1989-04-01,5,The Living Years,Mike + The Mechanics,1,1,13,0
1989-04-01,6,She Drives Me Crazy,Fine Young Cannibals,7,6,10,1
1989-04-01,7,Walk The Dinosaur,Was (Not Was),8,7,10,1
1989-04-01,8,Stand,R.E.M.,14,8,11,1
1989-04-01,9,Dreamin',Vanessa Williams,12,9,13,sad
1989-04-01,10,Lost In Your Eyes,Debbie Gibson,6,1,11,0
1989-04-01,11,Like A Prayer,Madonna,25,11,3,1
1989-04-01,12,You Got It,Roy Orbison,16,12,11,1
1989-04-01,13,Superwoman,Karyn White,17,13,10,1
1989-04-01,14,Just Because,Anita Baker,15,14,11,happy
1989-04-01,15,You're Not Alone,Chicago,10,10,11,happy
1989-04-01,16,Your Mama Don't Dance,Poison,20,16,7,2
1989-04-01,17,Funky Cold Medina,Tone-Loc,26,17,5,1
1989-04-01,18,More Than You Know,Martika,21,18,15,happy
1989-04-01,19,Heaven Help Me,Deon Estus With George Michael,24,19,6,0
1989-04-01,20,I'll Be There For You,Bon Jovi,27,20,5,happy
1989-04-01,21,Paradise City,Guns N' Roses,11,5,12,happy
1989-04-01,22,Don't Tell Me Lies,Breathe,13,10,12,happy
1989-04-01,23,Roni,Bobby Brown,9,3,13,1
1989-04-01,24,Second Chance,Thirty Eight Special,28,24,8,2
1989-04-01,25,Room To Move,Animotion,30,25,7,happy
1989-04-01,26,Thinking Of You,SaFire,32,26,9,happy
1989-04-01,27,Rocket,Def Leppard,31,27,5,2
1989-04-01,28,You Got It (The Right Stuff),New Kids On The Block,18,3,20,happy
1989-04-01,29,Cryin',Vixen,22,22,10,1
1989-04-01,30,Sincerely Yours,Sweet Sensation (With Romeo J.D.),33,30,9,sad
1989-04-01,31,Orinoco Flow (Sail Away),Enya,36,31,11,sad
1989-04-01,32,Straight Up,Paula Abdul,23,1,18,1
1989-04-01,33,I Beg Your Pardon,Kon Kan,19,15,15,1
1989-04-01,34,"After All (Love Theme From ""Chances Are"")",Cher & Peter Cetera,43,34,4,0
1989-04-01,35,Radio Romance,Tiffany,41,35,6,happy
1989-04-01,36,Forever Your Girl,Paula Abdul,45,36,4,happy
1989-04-01,37,Real Love,Jody Watley,51,37,3,happy
1989-04-01,38,One,Metallica,40,38,7,0
1989-04-01,39,Cult Of Personality,Living Colour,49,39,4,happy
1989-04-01,40,"Iko Iko (From ""Rain Man"")",The Belle Stars,46,40,5,happy
1989-04-01,41,I Wanna Be The One,Stevie B,44,41,7,happy
1989-04-01,42,24/7,Dino,42,42,9,happy
1989-04-01,43,Seventeen,Winger,48,43,6,happy
1989-04-01,44,"Birthday Suit (From """"Sing"""")",Johnny Kemp,47,44,6,calm
1989-04-01,45,She Won't Talk To Me,Luther Vandross,35,30,10,happy
1989-04-01,46,Everlasting Love,Howard Jones,58,46,3,happy
1989-04-01,47,"Surrender To Me (From ""Tequila Sunrise"")",Ann Wilson & Robin Zander,29,6,15,happy
1989-04-01,48,Wild Thing,Tone-Loc,38,2,18,2
1989-04-01,49,The Love In Your Eyes,Eddie Money,37,24,12,happy
1989-04-01,50,A Shoulder To Cry On,Tommy Page,52,50,8,sad
1989-04-01,51,The Lover In Me,Sheena Easton,34,2,22,happy
1989-04-01,52,"Rock On (From """"Dream A Little Dream"""")",Michael Damian,69,52,3,energetic
1989-04-01,53,Tribute (Right On),The Pasadenas,56,53,6,happy
1989-04-01,54,Soldier Of Love,Donny Osmond,73,54,2,happy
1989-04-01,55,"Wind Beneath My Wings (From ""Beaches"")",Bette Midler,63,55,5,sad
1989-04-01,56,Where Are You Now?,Jimmy Harnen With Synch,59,56,18,happy
1989-04-01,57,Close My Eyes Forever,Lita Ford (Duet With Ozzy Osbourne),65,57,5,0
1989-04-01,58,Driven Out,The Fixx,55,55,6,happy
1989-04-01,59,It's Only Love,Simply Red,57,57,6,happy
1989-04-01,60,"Let The River Run (Theme From ""Working Girl"")",Carly Simon,60,60,5,sad
1989-04-01,61,Feels So Good,Van Halen,39,35,10,happy
1989-04-01,62,Electric Youth,Debbie Gibson,,62,1,happy
1989-04-01,63,Hearts On Fire,Steve Winwood,70,63,3,happy
1989-04-01,64,I Only Wanna Be With You,Samantha Fox,74,64,3,happy
1989-04-01,65,When I'm With You,Sheriff,50,1,26,0
1989-04-01,66,Somebody Like You,Robbie Nevil,72,66,3,happy
1989-04-01,67,Every Little Step,Bobby Brown,84,67,2,1
1989-04-01,68,I'll Be Loving You (Forever),New Kids On The Block,,68,1,0
1989-04-01,69,Bring Down The Moon,Boy Meets Girl,54,49,10,happy
1989-04-01,70,Can You Stand The Rain,New Edition,64,44,8,0
1989-04-01,71,Voices Of Babylon,The Outfield,97,71,2,happy
1989-04-01,72,I Wanna Have Some Fun,Samantha Fox,67,8,21,happy
1989-04-01,73,Good Life,Inner City,76,73,5,1
1989-04-01,74,Dial My Heart,The Boys,62,13,17,happy
1989-04-01,75,She Wants To Dance With Me,Rick Astley,61,6,16,happy
1989-04-01,76,Downtown,One 2 Many,88,76,2,happy
1989-04-01,77,Born To Be My Baby,Bon Jovi,66,3,19,2
1989-04-01,78,I Can't Face The Fact,Gina Go-Go,79,78,6,happy
1989-04-01,79,Do You Believe In Shame?,Duran Duran,86,79,3,happy
1989-04-01,80,Run To Paradise,Choirboys,85,80,4,happy
1989-04-01,81,Working On It,Chris Rea,89,81,2,happy
1989-04-01,82,The Different Story (World Of Lust And Crime),Peter Schilling,92,82,2,happy
1989-04-01,83,Buffalo Stance,Neneh Cherry,,83,1,happy
1989-04-01,84,When The Children Cry,White Lion,75,3,22,0
1989-04-01,85,What I Am,Edie Brickell & New Bohemians,53,7,19,1
1989-04-01,86,Walking Through Walls,The Escape Club,95,86,2,happy
1989-04-01,87,Fading Away,Will To Power,80,65,9,happy
1989-04-01,88,We've Saved The Best For Last,Kenny G,71,47,9,sad
1989-04-01,89,When Love Comes To Town,U2 With B.B. King,,89,1,happy
1989-04-01,90,End Of The Line,Traveling Wilburys,78,63,8,1
1989-04-01,91,Come Out Fighting,Easterhouse,,91,1,happy
1989-04-01,92,A Little Respect,Erasure,68,14,17,happy
1989-04-01,93,Baby Baby,Eighth Wonder,,93,1,happy
1989-04-01,94,Repetition,Information Society,,94,1,happy
1989-04-01,95,Livin' Right,Glenn Frey,90,90,3,happy
1989-04-01,96,Dear God,Midge Ure,96,95,4,sad
1989-04-01,97,My Prerogative,Bobby Brown,87,1,24,1
1989-04-01,98,Halleluiah Man,Love And Money,83,75,7,happy
1989-04-01,99,The Way You Love Me,Karyn White,81,7,25,happy
1989-04-01,100,Walking Away,Information Society,77,9,19,happy
1989-03-04,1,Lost In Your Eyes,Debbie Gibson,2,1,7,0
1989-03-04,2,The Lover In Me,Sheena Easton,4,2,18,happy
1989-03-04,3,Straight Up,Paula Abdul,1,1,14,1
1989-03-04,4,The Living Years,Mike + The Mechanics,9,4,9,0
1989-03-04,5,You Got It (The Right Stuff),New Kids On The Block,7,5,16,happy
1989-03-04,6,Wild Thing,Tone-Loc,3,2,14,2
1989-03-04,7,What I Am,Edie Brickell & New Bohemians,8,7,15,1
1989-03-04,8,Roni,Bobby Brown,12,8,9,1
1989-03-04,9,"Surrender To Me (From ""Tequila Sunrise"")",Ann Wilson & Robin Zander,11,9,11,happy
1989-03-04,10,Paradise City,Guns N' Roses,14,10,8,happy
1989-03-04,11,She Wants To Dance With Me,Rick Astley,6,6,12,happy
1989-03-04,12,Girl You Know It's True,Milli Vanilli,17,12,9,happy
1989-03-04,13,My Heart Can't Tell You No,Rod Stewart,18,13,13,sad
1989-03-04,14,A Little Respect,Erasure,15,14,13,happy
1989-03-04,15,Born To Be My Baby,Bon Jovi,5,3,15,2
1989-03-04,16,Don't Tell Me Lies,Breathe,19,16,8,happy
1989-03-04,17,Eternal Flame,The Bangles,26,17,5,sad
1989-03-04,18,I Beg Your Pardon,Kon Kan,22,18,11,1
1989-03-04,19,Dial My Heart,The Boys,13,13,13,happy
1989-03-04,20,Dreamin',Vanessa Williams,25,20,9,sad
1989-03-04,21,You're Not Alone,Chicago,24,21,7,happy
1989-03-04,22,Walking Away,Information Society,10,9,15,happy
1989-03-04,23,Just Because,Anita Baker,27,23,7,happy
1989-03-04,24,When I'm With You,Sheriff,16,1,22,0
1989-03-04,25,The Look,Roxette,31,25,4,happy
1989-03-04,26,Walk The Dinosaur,Was (Not Was),30,26,6,1
1989-03-04,27,The Love In Your Eyes,Eddie Money,29,27,8,happy
1989-03-04,28,Stand,R.E.M.,32,28,7,1
1989-03-04,29,You Got It,Roy Orbison,33,29,7,1
1989-03-04,30,She Drives Me Crazy,Fine Young Cannibals,39,30,6,1
1989-03-04,31,More Than You Know,Martika,35,31,11,happy
1989-03-04,32,Superwoman,Karyn White,37,32,6,1
1989-03-04,33,I Wanna Have Some Fun,Samantha Fox,20,8,17,happy
1989-03-04,34,When The Children Cry,White Lion,23,3,18,0
1989-03-04,35,Cryin',Vixen,38,35,6,1
1989-03-04,36,The Last Mile,Cinderella,40,36,7,happy
1989-03-04,37,Your Mama Don't Dance,Poison,46,37,3,2
1989-03-04,38,Angel Of Harlem,U2,21,14,12,happy
1989-03-04,39,All This Time,Tiffany,34,6,18,1
1989-03-04,40,She Won't Talk To Me,Luther Vandross,43,40,6,happy
1989-03-04,41,Feels So Good,Van Halen,44,41,6,happy
1989-03-04,42,The Way You Love Me,Karyn White,36,7,21,happy
1989-03-04,43,All She Wants Is,Duran Duran,28,22,11,happy
1989-03-04,44,Second Chance,Thirty Eight Special,52,44,4,2
1989-03-04,45,Orinoco Flow (Sail Away),Enya,50,45,7,sad
1989-03-04,46,Thinking Of You,SaFire,54,46,5,happy
1989-03-04,47,We've Saved The Best For Last,Kenny G,51,47,5,sad
1989-03-04,48,Room To Move,Animotion,60,48,3,happy
1989-03-04,49,24/7,Dino,55,49,5,happy
1989-03-04,50,Heaven Help Me,Deon Estus With George Michael,67,50,2,0
1989-03-04,51,Can You Stand The Rain,New Edition,56,51,4,0
1989-03-04,52,Bring Down The Moon,Boy Meets Girl,53,52,6,happy
1989-03-04,53,My Prerogative,Bobby Brown,45,1,20,1
1989-03-04,54,Sincerely Yours,Sweet Sensation (With Romeo J.D.),57,54,5,sad
1989-03-04,55,Don't Rush Me,Taylor Dayne,41,2,18,happy
1989-03-04,56,One,Metallica,66,56,3,0
1989-03-04,57,Armageddon It,Def Leppard,42,3,16,2
1989-03-04,58,Into You,Giant Steps,59,58,6,happy
1989-03-04,59,Every Rose Has Its Thorn,Poison,49,1,19,0
1989-03-04,60,Funky Cold Medina,Tone-Loc,,60,1,1
1989-03-04,61,Rocket,Def Leppard,,61,1,2
1989-03-04,62,I Wanna Be The One,Stevie B,80,62,3,happy
1989-03-04,63,End Of The Line,Traveling Wilburys,63,63,4,1
1989-03-04,64,Holding On,Steve Winwood,47,11,15,happy
1989-03-04,65,A Shoulder To Cry On,Tommy Page,68,65,4,sad
1989-03-04,66,Fading Away,Will To Power,65,65,5,happy
1989-03-04,67,"Birthday Suit (From """"Sing"""")",Johnny Kemp,85,67,2,calm
1989-03-04,68,Two Hearts,Phil Collins,48,1,16,2
1989-03-04,69,Driven Out,The Fixx,81,69,2,happy
1989-03-04,70,Radio Romance,Tiffany,84,70,2,happy
1989-03-04,71,Got It Made,"Crosby, Stills, Nash & Young",69,69,5,happy
1989-03-04,72,It's Only Love,Simply Red,77,72,2,happy
1989-03-04,73,Seventeen,Winger,78,73,2,happy
1989-03-04,74,Give Me The Keys (And I'll Drive You Crazy),Huey Lewis & The News,61,47,7,happy
1989-03-04,75,Never Had A Lot To Lose,Cheap Trick,79,75,3,happy
1989-03-04,76,Where Are You Now?,Jimmy Harnen With Synch,89,76,14,happy
1989-03-04,77,Tribute (Right On),The Pasadenas,97,77,2,happy
1989-03-04,78,"Kokomo (From""Cocktail"" )",The Beach Boys,73,1,27,happy
1989-03-04,79,Doctorin' The Tardis,The Timelords,72,66,12,1
1989-03-04,80,Halleluiah Man,Love And Money,88,80,3,happy
1989-03-04,81,Close My Eyes Forever,Lita Ford (Duet With Ozzy Osbourne),,81,1,0
1989-03-04,82,I'll Be There For You,Bon Jovi,,82,1,happy
1989-03-04,83,I Remember Holding You,Boys Club,62,8,20,happy
1989-03-04,84,Little Liar,Joan Jett & the Blackhearts,70,19,19,happy
1989-03-04,85,Tears Run Rings,Marc Almond,75,67,7,1
1989-03-04,86,"Iko Iko (From ""Rain Man"")",The Belle Stars,,86,1,happy
1989-03-04,87,Shake For The Sheik,The Escape Club,58,28,13,happy
1989-03-04,88,This Time,Kiara (Duet With Shanice Wilson),93,88,2,2
1989-03-04,89,Tell Her,Kenny Loggins,76,76,5,happy
1989-03-04,90,Good Life,Inner City,,90,1,1
1989-03-04,91,Falling Out Of Love,Ivan Neville,91,91,2,1
1989-03-04,92,I Can't Face The Fact,Gina Go-Go,94,92,2,happy
1989-03-04,93,The Great Commandment,Camouflage,71,59,11,happy
1989-03-04,94,Imagine,Tracie Spencer,87,85,4,sad
1989-03-04,95,"Let The River Run (Theme From ""Working Girl"")",Carly Simon,,95,1,sad
1989-03-04,96,Cross My Heart,Eighth Wonder,83,56,16,happy
1989-03-04,97,"Wind Beneath My Wings (From ""Beaches"")",Bette Midler,,97,1,sad
1989-03-04,98,As Long As You Follow,Fleetwood Mac,90,43,14,happy
1989-03-04,99,Look Away,Chicago,74,1,24,sad
1989-03-04,100,It's No Secret,Kylie Minogue,64,37,13,happy
1989-02-04,1,When I'm With You,Sheriff,2,1,18,0
1989-02-04,2,Straight Up,Paula Abdul,6,2,10,1
1989-02-04,3,When The Children Cry,White Lion,5,3,14,0
1989-02-04,4,Born To Be My Baby,Bon Jovi,7,4,11,2
1989-02-04,5,Wild Thing,Tone-Loc,9,5,10,2
1989-02-04,6,Armageddon It,Def Leppard,3,3,12,2
1989-02-04,7,The Way You Love Me,Karyn White,8,7,17,happy
1989-02-04,8,Don't Rush Me,Taylor Dayne,4,2,14,happy
1989-02-04,9,All This Time,Tiffany,10,9,14,1
1989-02-04,10,Two Hearts,Phil Collins,1,1,12,2
1989-02-04,11,I Wanna Have Some Fun,Samantha Fox,13,11,13,happy
1989-02-04,12,The Lover In Me,Sheena Easton,14,12,14,happy
1989-02-04,13,Holding On,Steve Winwood,11,11,11,happy
1989-02-04,14,She Wants To Dance With Me,Rick Astley,18,14,8,happy
1989-02-04,15,Walking Away,Information Society,19,15,11,happy
1989-02-04,16,What I Am,Edie Brickell & New Bohemians,20,16,11,1
1989-02-04,17,Angel Of Harlem,U2,23,17,8,happy
1989-02-04,18,You Got It (The Right Stuff),New Kids On The Block,25,18,12,happy
1989-02-04,19,Dial My Heart,The Boys,24,19,9,happy
1989-02-04,20,"Surrender To Me (From ""Tequila Sunrise"")",Ann Wilson & Robin Zander,26,20,7,happy
1989-02-04,21,Lost In Your Eyes,Debbie Gibson,30,21,3,0
1989-02-04,22,My Prerogative,Bobby Brown,12,1,16,1
1989-02-04,23,A Little Respect,Erasure,27,23,9,happy
1989-02-04,24,Every Rose Has Its Thorn,Poison,16,1,15,0
1989-02-04,25,The Living Years,Mike + The Mechanics,29,25,5,0
1989-02-04,26,All She Wants Is,Duran Duran,32,26,7,happy
1989-02-04,27,Roni,Bobby Brown,37,27,5,1
1989-02-04,28,Shake For The Sheik,The Escape Club,28,28,9,happy
1989-02-04,29,Paradise City,Guns N' Roses,36,29,4,happy
1989-02-04,30,Little Liar,Joan Jett & the Blackhearts,21,19,15,happy
1989-02-04,31,Smooth Criminal,Michael Jackson,15,7,13,happy
1989-02-04,32,My Heart Can't Tell You No,Rod Stewart,33,32,9,sad
1989-02-04,33,Put A Little Love In Your Heart,Annie Lennox & Al Green,17,9,14,happy
1989-02-04,34,Don't Tell Me Lies,Breathe,40,34,4,happy
1989-02-04,35,I Remember Holding You,Boys Club,22,8,16,happy
1989-02-04,36,Girl You Know It's True,Milli Vanilli,46,36,5,happy
1989-02-04,37,I Beg Your Pardon,Kon Kan,44,37,7,1
1989-02-04,38,It's No Secret,Kylie Minogue,41,38,9,happy
1989-02-04,39,You're Not Alone,Chicago,47,39,3,happy
1989-02-04,40,Just Because,Anita Baker,49,40,3,happy
1989-02-04,41,The Love In Your Eyes,Eddie Money,52,41,4,happy
1989-02-04,42,Dreamin',Vanessa Williams,51,42,5,sad
1989-02-04,43,Waiting For A Star To Fall,Boy Meets Girl,31,5,22,1
1989-02-04,44,Look Away,Chicago,35,1,20,sad
1989-02-04,45,In Your Room,The Bangles,34,5,17,happy
1989-02-04,46,Giving You The Best That I Got,Anita Baker,38,3,20,sad
1989-02-04,47,More Than You Know,Martika,58,47,7,happy
1989-02-04,48,If We Never Meet Again,Tommy Conwell And The Young Rumblers,53,48,8,0
1989-02-04,49,Give Me The Keys (And I'll Drive You Crazy),Huey Lewis & The News,55,49,3,happy
1989-02-04,50,You Got It,Roy Orbison,68,50,3,1
1989-02-04,51,Walk The Dinosaur,Was (Not Was),74,51,2,1
1989-02-04,52,Wild World,Maxi Priest,43,25,15,1
1989-02-04,53,As Long As You Follow,Fleetwood Mac,48,43,10,happy
1989-02-04,54,The Last Mile,Cinderella,62,54,3,happy
1989-02-04,55,"Baby, I Love Your Way/Freebird Medley",Will To Power,50,1,22,sad
1989-02-04,56,Eternal Flame,The Bangles,,56,1,sad
1989-02-04,57,Stand,R.E.M.,71,57,3,1
1989-02-04,58,I Wanna Be Loved,House Of Lords,70,58,5,sad
1989-02-04,59,Silhouette,Kenny G,42,13,15,sad
1989-02-04,60,Kiss,The Art Of Noise Featuring Tom Jones,39,31,10,1
1989-02-04,61,Cryin',Vixen,86,61,2,1
1989-02-04,62,Feels So Good,Van Halen,79,62,2,happy
1989-02-04,63,The Great Commandment,Camouflage,64,63,7,happy
1989-02-04,64,The Promise,When In Rome,54,11,23,1
1989-02-04,65,She Won't Talk To Me,Luther Vandross,73,65,2,happy
1989-02-04,66,"Kokomo (From""Cocktail"" )",The Beach Boys,56,1,23,happy
1989-02-04,67,Cross My Heart,Eighth Wonder,63,56,12,happy
1989-02-04,68,Back On Holiday,Robbie Nevil,45,34,13,happy
1989-02-04,69,Doctorin' The Tardis,The Timelords,66,66,8,1
1989-02-04,70,Walk On Water,Eddie Money,57,9,19,1
1989-02-04,71,Orinoco Flow (Sail Away),Enya,81,71,3,sad
1989-02-04,72,She Drives Me Crazy,Fine Young Cannibals,97,72,2,1
1989-02-04,73,New Day For You,Basia,60,53,9,happy
1989-02-04,74,Bring Down The Moon,Boy Meets Girl,82,74,2,happy
1989-02-04,75,Tears Run Rings,Marc Almond,84,75,3,1
1989-02-04,76,Across The Miles,Survivor,78,76,3,sad
1989-02-04,77,Way Cool Jr.,Ratt,75,75,5,happy
1989-02-04,78,The Loco-Motion,Kylie Minogue,77,3,24,happy
1989-02-04,79,Superwoman,Karyn White,87,79,2,1
1989-02-04,80,Thinking Of You,SaFire,,80,1,happy
1989-02-04,81,"Wild, Wild West",The Escape Club,61,1,25,happy
1989-02-04,82,Posse On Broadway,Sir Mix-A-Lot,72,70,8,happy
1989-02-04,83,Into You,Giant Steps,96,83,2,happy
1989-02-04,84,Left To My Own Devices,Pet Shop Boys,92,84,2,happy
1989-02-04,85,Tell Her,Kenny Loggins,,85,1,happy
1989-02-04,86,24/7,Dino,,86,1,happy
1989-02-04,87,Groovy Kind Of Love,Phil Collins,69,1,23,0
1989-02-04,88,Welcome To The Jungle,Guns N' Roses,59,7,16,happy
1989-02-04,89,Finish What Ya Started,Van Halen,67,13,19,happy
1989-02-04,90,Fading Away,Will To Power,,90,1,happy
1989-02-04,91,Not Just Another Girl,Ivan Neville,89,26,18,happy
1989-02-04,92,We've Saved The Best For Last,Kenny G,,92,1,sad
1989-02-04,93,Sincerely Yours,Sweet Sensation (With Romeo J.D.),,93,1,sad
1989-02-04,94,How Can I Fall?,Breathe,65,3,22,0
1989-02-04,95,(Believed You Were) Lucky,Til Tuesday,95,95,3,happy
1989-02-04,96,Got It Made,"Crosby, Stills, Nash & Young",,96,1,happy
1989-02-04,97,"Wild Again (From """"Cocktail"""")",Starship,76,73,8,energetic
1989-02-04,98,Bad Medicine,Bon Jovi,83,1,20,2
1989-02-04,99,Edge Of A Broken Heart,Vixen,88,26,21,1
1989-02-04,100,Ghost Town,Cheap Trick,80,33,14,happy
1989-01-07,1,Every Rose Has Its Thorn,Poison,1,1,11,0
1989-01-07,2,My Prerogative,Bobby Brown,2,2,12,1
1989-01-07,3,Two Hearts,Phil Collins,6,3,8,2
1989-01-07,4,Giving You The Best That I Got,Anita Baker,4,3,16,sad
1989-01-07,5,In Your Room,The Bangles,8,5,13,happy
1989-01-07,6,Don't Rush Me,Taylor Dayne,10,6,10,happy
1989-01-07,7,Waiting For A Star To Fall,Boy Meets Girl,5,5,18,1
1989-01-07,8,Look Away,Chicago,3,1,16,sad
1989-01-07,9,Armageddon It,Def Leppard,12,9,8,2
1989-01-07,10,Smooth Criminal,Michael Jackson,13,10,9,happy
1989-01-07,11,I Remember Holding You,Boys Club,14,11,12,happy
1989-01-07,12,Put A Little Love In Your Heart,Annie Lennox & Al Green,19,12,10,happy
1989-01-07,13,Silhouette,Kenny G,16,13,11,sad
1989-01-07,14,Welcome To The Jungle,Guns N' Roses,7,7,12,happy
1989-01-07,15,The Way You Love Me,Karyn White,22,15,13,happy
1989-01-07,16,When I'm With You,Sheriff,27,16,14,0
1989-01-07,17,Born To Be My Baby,Bon Jovi,26,17,7,2
1989-01-07,18,All This Time,Tiffany,24,18,10,1
1989-01-07,19,When The Children Cry,White Lion,25,19,10,0
1989-01-07,20,Walk On Water,Eddie Money,9,9,15,1
1989-01-07,21,"Baby, I Love Your Way/Freebird Medley",Will To Power,11,1,18,sad
1989-01-07,22,Little Liar,Joan Jett & the Blackhearts,28,22,11,happy
1989-01-07,23,Holding On,Steve Winwood,29,23,7,happy
1989-01-07,24,How Can I Fall?,Breathe,17,3,18,0
1989-01-07,25,Wild World,Maxi Priest,30,25,11,1
1989-01-07,26,I Wanna Have Some Fun,Samantha Fox,31,26,9,happy
1989-01-07,27,I Don't Want Your Love,Duran Duran,15,4,13,happy
1989-01-07,28,Straight Up,Paula Abdul,35,28,6,1
1989-01-07,29,The Promise,When In Rome,18,11,19,1
1989-01-07,30,The Lover In Me,Sheena Easton,34,30,10,happy
1989-01-07,31,Wild Thing,Tone-Loc,37,31,6,2
1989-01-07,32,Finish What Ya Started,Van Halen,20,13,15,happy
1989-01-07,33,Ghost Town,Cheap Trick,33,33,10,happy
1989-01-07,34,Walking Away,Information Society,41,34,7,happy
1989-01-07,35,Thanks For My Child,Cheryl Pepsii Riley,32,32,11,sad
1989-01-07,36,Early In The Morning,Robert Palmer,23,19,12,happy
1989-01-07,37,Spy In The House Of Love,Was (Not Was),21,16,15,happy
1989-01-07,38,Kiss,The Art Of Noise Featuring Tom Jones,40,38,6,1
1989-01-07,39,Back On Holiday,Robbie Nevil,42,39,9,happy
1989-01-07,40,She Wants To Dance With Me,Rick Astley,44,40,4,happy
1989-01-07,41,What I Am,Edie Brickell & New Bohemians,45,41,7,1
1989-01-07,42,Angel Of Harlem,U2,51,42,4,happy
1989-01-07,43,Dial My Heart,The Boys,46,43,5,happy
1989-01-07,44,"Kokomo (From""Cocktail"" )",The Beach Boys,38,1,19,happy
1989-01-07,45,You Got It (The Right Stuff),New Kids On The Block,47,45,8,happy
1989-01-07,46,"Wild, Wild West",The Escape Club,39,1,21,happy
1989-01-07,47,A Little Respect,Erasure,53,47,5,happy
1989-01-07,48,Baby Can I Hold You,Tracy Chapman,48,48,10,1
1989-01-07,49,Desire,U2,36,3,15,happy
1989-01-07,50,Shake For The Sheik,The Escape Club,57,50,5,happy
1989-01-07,51,Bad Medicine,Bon Jovi,43,1,16,2
1989-01-07,52,As Long As You Follow,Fleetwood Mac,56,52,6,happy
1989-01-07,53,"Surrender To Me (From ""Tequila Sunrise"")",Ann Wilson & Robin Zander,80,53,3,happy
1989-01-07,54,My Heart Can't Tell You No,Rod Stewart,61,54,5,sad
1989-01-07,55,It's No Secret,Kylie Minogue,62,55,5,happy
1989-01-07,56,The Loco-Motion,Kylie Minogue,50,3,20,happy
1989-01-07,57,Don't Know What You Got (Till It's Gone),Cinderella,54,12,19,0
1989-01-07,58,Cross My Heart,Eighth Wonder,60,58,8,happy
1989-01-07,59,Not Just Another Girl,Ivan Neville,49,26,14,happy
1989-01-07,60,Groovy Kind Of Love,Phil Collins,55,1,19,0
1989-01-07,61,New Day For You,Basia,67,61,5,happy
1989-01-07,62,All She Wants Is,Duran Duran,85,62,3,happy
1989-01-07,63,Handle With Care,Traveling Wilburys,59,45,11,1
1989-01-07,64,"Yeah, Yeah, Yeah",Judson Spence,52,32,13,0
1989-01-07,65,Kissing A Fool,George Michael,58,5,14,0
1989-01-07,66,Forever Young,Alphaville,65,65,15,0
1989-01-07,67,Anchorage,Michelle Shocked,76,67,5,happy
1989-01-07,68,If We Never Meet Again,Tommy Conwell And The Young Rumblers,77,68,4,0
1989-01-07,69,Red Red Wine,UB40,68,1,37,1
1989-01-07,70,Edge Of A Broken Heart,Vixen,72,26,17,1
1989-01-07,71,I Beg Your Pardon,Kon Kan,87,71,3,1
1989-01-07,72,"Hippy Hippy Shake (From ""Cocktail"")",The Georgia Satellites,64,45,12,happy
1989-01-07,73,"Don't Worry, Be Happy (From ""Cocktail"")",Bobby McFerrin,73,1,24,sad
1989-01-07,74,Peek-A-Boo,Siouxsie & The Banshees,63,53,13,1
1989-01-07,75,Symptoms Of True Love,Tracie Spencer,66,38,15,happy
1989-01-07,76,"Wild Again (From """"Cocktail"""")",Starship,81,76,4,energetic
1989-01-07,77,It's Money That Matters,Randy Newman,74,60,10,happy
1989-01-07,78,Posse On Broadway,Sir Mix-A-Lot,95,78,4,happy
1989-01-07,79,The Living Years,Mike + The Mechanics,,79,1,0
1989-01-07,80,Doctorin' The Tardis,The Timelords,83,80,4,1
1989-01-07,81,Another Lover,Giant Steps,75,13,21,happy
1989-01-07,82,Girls Ain't Nothing But Trouble,D.J. Jazzy Jeff & The Fresh Prince,69,57,11,happy
1989-01-07,83,Girl You Know It's True,Milli Vanilli,,83,1,happy
1989-01-07,84,More Than You Know,Martika,91,84,3,happy
1989-01-07,85,Forever Young,Rod Stewart,71,12,23,0
1989-01-07,86,Perfect,Fairground Attraction,86,86,4,sad
1989-01-07,87,Killing Me Softly,Al B. Sure!,82,80,8,sad
1989-01-07,88,Nobody's Perfect,Mike + The Mechanics,78,63,10,happy
1989-01-07,89,Domino Dancing,Pet Shop Boys,70,18,14,happy
1989-01-07,90,Don't Be Cruel,Bobby Brown,88,8,25,happy
1989-01-07,91,The Great Commandment,Camouflage,98,91,3,happy
1989-01-07,92,Roni,Bobby Brown,,92,1,1
1989-01-07,93,"Boy, I've Been Told",SaFire,89,48,16,happy
1989-01-07,94,Love Bites,Def Leppard,90,1,22,1
1989-01-07,95,Never Tear Us Apart,INXS,84,7,22,happy
1989-01-07,96,Way Cool Jr.,Ratt,,96,1,happy
1989-01-07,97,I Wanna Be Loved,House Of Lords,,97,1,sad
1989-01-07,98,Dreamin',Vanessa Williams,,98,1,sad
1989-01-07,99,Till I Loved You,Barbra Streisand & Don Johnson,79,25,12,sad
1989-01-07,100,Is It Love,J.J. Fad,92,92,5,happy